Workbook

Sheet Attrition Analysis
U13: Automate since many stuff is manual
U14: Power BI dashboard creation
U15: HR strategy improval

Sheet Others

Sheet Ranking Sheet
A1: Total Employees | B1: Attrition | C1: Median Tenure Of People Who Left | D1: Department With Highest Attrition | E1: Job Level With Highest Attrition
A2: 1470 | B2: 0.16190476 | C2: 3 | D2: Research & Development | E2: Entry Level | K2: DistanceBand(Rounded) | L2: Attrition
K3: <6 km | L3: 0.36554622
K4: 6-12 km | L4: 0.28151261
A5: Business travel | D5: Distance travel | K5: 13-18 km | L5: 0.1302521
A6: Frequency | B6: Attrition | D6: DistanceBand(Rounded) | E6: %Attrition | K6: 19-24 km | L6: 0.13865546
A7: Non-Travel | B7: 12 | D7: <6 km | E7: 0.13765823 | K7: >24 km | L7: 0.084033613
A8: Travel_Frequently | B8: 69 | D8: 6-12 km | E8: 0.15124153
A9: Travel_Rarely | B9: 157 | D9: 13-18 km | E9: 0.21527778
D10: 19-24 km | E10: 0.23741007
D11: >24 km | E11: 0.17857143 | J11: Job Involvement | M11: Performance rating
A12: Total Satisfaction | J12: Job Involvement | K12: Ppl Left | M12: Performance rating | N12: Total Employees | O12: %Attrition
A13: Attrition | B13: Goal | C13: Average Satisfaction | J13: High | K13: 125 | M13: Outstanding | N13: 226 | O13: 0.16371681
A14: Stayed | B14: 12 | C14: 8.2785829 | J14: Low | K14: 28 | M14: Excellent | N14: 1244 | O14: 0.16157556
A15: Left | B15: 12 | C15: 7.5294118 | J15: Medium | K15: 72
J16: Very High | K16: 13
A19: Row Labels | B19: %Attrition
A20: 0-1 years | B20: 0.34883721 | D20: Row Labels | E20: Ppl Left | J20: Salary vs attrition
A21: 1-3 years | B21: 0.18823529 | D21: High | E21: 125 | J21: Attrition | K21: Years of Experience
A22: 3-5 years | B22: 0.13071895 | D22: Low | E22: 28 | J22: Salary Slab | K22: 0-2 | L22: 2-5 | M22: 5-7 | N22: 7+
A23: 5-7 years | B23: 0.12048193 | D23: Medium | E23: 72 | J23: Upto 5k | K23: 143 | L23: 20
A24: >7 years | B24: 0.10416667 | D24: Very High | E24: 13 | J24: 5k-10k | L24: 32 | M24: 17
A25: Grand Total | B25: 0.16190476 | D25: Grand Total | E25: 238 | J25: 10k-15k | M25: 16 | N25: 5
J26: 15k+ | N26: 5
J29: {=J21:N26} -> Attrition | K29: Years of Experience | L29: 0 | M29: 0 | N29: 0
J30: Salary Slab | K30: 0-2 | L30: 2-5 | M30: 5-7 | N30: 7+
J31: Upto 5k | K31: 143 | L31: 20 | M31: 0 | N31: 0
J32: 5k-10k | K32: 0 | L32: 32 | M32: 17 | N32: 0
J33: 10k-15k | K33: 0 | L33: 0 | M33: 16 | N33: 5
J34: 15k+ | K34: 0 | L34: 0 | M34: 0 | N34: 5
J36: =J29 -> Attrition | K36: =K29 -> Years of Experience | L36: =L29 -> 0 | M36: =M29 -> 0 | N36: =N29 -> 0
J37: =J30 -> Salary Slab | K37: =K30 -> 0-2 | L37: =L30 -> 2-5 | M37: =M30 -> 5-7 | N37: =N30 -> 7+
J38: =J31 -> Upto 5k | K38: 50 | L38: =L31 -> 20 | M38: =M31 -> 0 | N38: =N31 -> 0
J39: =J32 -> 5k-10k | K39: =K32 -> 0 | L39: =L32 -> 32 | M39: =M32 -> 17 | N39: =N32 -> 0
J40: =J33 -> 10k-15k | K40: =K33 -> 0 | L40: =L33 -> 0 | M40: =M33 -> 16 | N40: =N33 -> 5
J41: =J34 -> 15k+ | K41: =K34 -> 0 | L41: =L34 -> 0 | M41: =M34 -> 0 | N41: =N34 -> 5

Sheet KPIs
A1: KPIs
B5: ='Ranking Sheet'!A2 -> 1470 | C5: ='Ranking Sheet'!B2 -> 0.16190476 | D5: =ROUND('Ranking Sheet'!C2,0)&" Years" -> 3 Years | E5: ='Ranking Sheet'!D2 -> Research & Development | F5: ='Ranking Sheet'!E2 -> Entry Level
B6: ='Ranking Sheet'!A1 -> Total Employees | C6: ='Ranking Sheet'!B1 -> Attrition | D6: ='Ranking Sheet'!C1 -> Median Tenure Of People Who Left | E6: ='Ranking Sheet'!D1 -> Department With Highest Attrition | F6: ='Ranking Sheet'!E1 -> Job Level With Highest Attrition
